{
"count": 0,
"data": [
  {
  "commission": "0.00",
  "imgUrl": "//cdn1.showjoy.com/images/8b/8bb98feebb0141baad0e338b973d4ab1.png",
  "isDirect": "true",
  "isReward": 0,
  "orderNumber": 1147496897691376,
  "price": 10,
  "quantity": 1,
  "skuId": 9721,
  "sourceShopId": 4880,
  "status": 22,
  "timestamp": 1474969050000,
  "title": "安娜苏梦镜成真女士淡香水30ml",
  "user": {
    "email": "",
    "gmtCreate": 1460444227000,
    "gmtModified": 1474968962000,
    "id": 714076,
    "image": "//file.showjoy.com/images/7f/7f06936400c542cd9d1f7792ec486313.png",
    "isEnable": true,
    "isFake": 0,
    "nick": "tuwei",
    "password": "e10adc3949ba59abbe56e057f20f883e",
    "sexType": "",
    "tel": "18768197429",
    "userAuth": "ROLE_ADMIN,ROLE_SHOP_USER,ROLE_USER,ROLE_FINANCE_ADMIN,ROLE_SHOP_ADMIN,ROLE_WAREHOUSE_MASTER",
    "username": "tuwei"
    }
  },
  {
  "commission": "15.80",
  "imgUrl": "//cdn1.showjoy.com/images/8b/8bb98feebb0141baad0e338b973d4ab1.png",
  "isDirect": "true",
  "isReward": 0,
  "orderNumber": 1147184673744876,
  "price": 158,
  "quantity": 1,
  "skuId": 9721,
  "sourceShopId": 4880,
  "status": 22,
  "timestamp": 1471846755000,
  "title": "安娜苏梦镜成真女士淡香水30ml",
  "user": {
    "email": "",
    "gmtCreate": 1460444227000,
    "gmtModified": 1474968962000,
    "id": 714076,
    "image": "//file.showjoy.com/images/7f/7f06936400c542cd9d1f7792ec486313.png",
    "isEnable": true,
    "isFake": 0,
    "nick": "tuwei",
    "password": "e10adc3949ba59abbe56e057f20f883e",
    "sexType": "",
    "tel": "18768197429",
    "userAuth": "ROLE_ADMIN,ROLE_SHOP_USER,ROLE_USER,ROLE_FINANCE_ADMIN,ROLE_SHOP_ADMIN,ROLE_WAREHOUSE_MASTER",
    "username": "tuwei"
    }
  },
{
"commission": "15.80",
"imgUrl": "//cdn1.showjoy.com/images/8b/8bb98feebb0141baad0e338b973d4ab1.png",
"isDirect": "true",
"isReward": 0,
"orderNumber": 1147183810028376,
"price": 158,
"quantity": 1,
"skuId": 9721,
"sourceShopId": 4880,
"status": 22,
"timestamp": 1471838139000,
"title": "安娜苏梦镜成真女士淡香水30ml",
"user": {
"email": "",
"gmtCreate": 1460444227000,
"gmtModified": 1474968962000,
"id": 714076,
"image": "//file.showjoy.com/images/7f/7f06936400c542cd9d1f7792ec486313.png",
"isEnable": true,
"isFake": 0,
"nick": "tuwei",
"password": "e10adc3949ba59abbe56e057f20f883e",
"sexType": "",
"tel": "18768197429",
"userAuth": "ROLE_ADMIN,ROLE_SHOP_USER,ROLE_USER,ROLE_FINANCE_ADMIN,ROLE_SHOP_ADMIN,ROLE_WAREHOUSE_MASTER",
"username": "tuwei"
}
},
{
"commission": "15.80",
"imgUrl": "//cdn1.showjoy.com/images/8b/8bb98feebb0141baad0e338b973d4ab1.png",
"isDirect": "true",
"isReward": 0,
"orderNumber": 1147183810028376,
"price": 158,
"quantity": 1,
"skuId": 9721,
"sourceShopId": 4880,
"status": 22,
"timestamp": 1471838139000,
"title": "安娜苏梦镜成真女士淡香水30ml",
"user": {
"email": "",
"gmtCreate": 1460444227000,
"gmtModified": 1474968962000,
"id": 714076,
"image": "//file.showjoy.com/images/7f/7f06936400c542cd9d1f7792ec486313.png",
"isEnable": true,
"isFake": 0,
"nick": "tuwei",
"password": "e10adc3949ba59abbe56e057f20f883e",
"sexType": "",
"tel": "18768197429",
"userAuth": "ROLE_ADMIN,ROLE_SHOP_USER,ROLE_USER,ROLE_FINANCE_ADMIN,ROLE_SHOP_ADMIN,ROLE_WAREHOUSE_MASTER",
"username": "tuwei"
}
},
{
"commission": "15.80",
"imgUrl": "//cdn1.showjoy.com/images/8b/8bb98feebb0141baad0e338b973d4ab1.png",
"isDirect": "true",
"isReward": 0,
"orderNumber": 1147183810028376,
"price": 158,
"quantity": 1,
"skuId": 9721,
"sourceShopId": 4880,
"status": 22,
"timestamp": 1471838139000,
"title": "安娜苏梦镜成真女士淡香水30ml",
"user": {
"email": "",
"gmtCreate": 1460444227000,
"gmtModified": 1474968962000,
"id": 714076,
"image": "//file.showjoy.com/images/7f/7f06936400c542cd9d1f7792ec486313.png",
"isEnable": true,
"isFake": 0,
"nick": "tuwei",
"password": "e10adc3949ba59abbe56e057f20f883e",
"sexType": "",
"tel": "18768197429",
"userAuth": "ROLE_ADMIN,ROLE_SHOP_USER,ROLE_USER,ROLE_FINANCE_ADMIN,ROLE_SHOP_ADMIN,ROLE_WAREHOUSE_MASTER",
"username": "tuwei"
}
},
{
"commission": "15.80",
"imgUrl": "//cdn1.showjoy.com/images/8b/8bb98feebb0141baad0e338b973d4ab1.png",
"isDirect": "true",
"isReward": 0,
"orderNumber": 1147183810028376,
"price": 158,
"quantity": 1,
"skuId": 9721,
"sourceShopId": 4880,
"status": 22,
"timestamp": 1471838139000,
"title": "安娜苏梦镜成真女士淡香水30ml",
"user": {
"email": "",
"gmtCreate": 1460444227000,
"gmtModified": 1474968962000,
"id": 714076,
"image": "//file.showjoy.com/images/7f/7f06936400c542cd9d1f7792ec486313.png",
"isEnable": true,
"isFake": 0,
"nick": "tuwei",
"password": "e10adc3949ba59abbe56e057f20f883e",
"sexType": "",
"tel": "18768197429",
"userAuth": "ROLE_ADMIN,ROLE_SHOP_USER,ROLE_USER,ROLE_FINANCE_ADMIN,ROLE_SHOP_ADMIN,ROLE_WAREHOUSE_MASTER",
"username": "tuwei"
}
},
{
"commission": "15.80",
"imgUrl": "//cdn1.showjoy.com/images/8b/8bb98feebb0141baad0e338b973d4ab1.png",
"isDirect": "true",
"isReward": 0,
"orderNumber": 1147183810028376,
"price": 158,
"quantity": 1,
"skuId": 9721,
"sourceShopId": 4880,
"status": 22,
"timestamp": 1471838139000,
"title": "安娜苏梦镜成真女士淡香水30ml",
"user": {
"email": "",
"gmtCreate": 1460444227000,
"gmtModified": 1474968962000,
"id": 714076,
"image": "//file.showjoy.com/images/7f/7f06936400c542cd9d1f7792ec486313.png",
"isEnable": true,
"isFake": 0,
"nick": "tuwei",
"password": "e10adc3949ba59abbe56e057f20f883e",
"sexType": "",
"tel": "18768197429",
"userAuth": "ROLE_ADMIN,ROLE_SHOP_USER,ROLE_USER,ROLE_FINANCE_ADMIN,ROLE_SHOP_ADMIN,ROLE_WAREHOUSE_MASTER",
"username": "tuwei"
}
},
{
"commission": "15.80",
"imgUrl": "//cdn1.showjoy.com/images/8b/8bb98feebb0141baad0e338b973d4ab1.png",
"isDirect": "true",
"isReward": 0,
"orderNumber": 1147183810028376,
"price": 158,
"quantity": 1,
"skuId": 9721,
"sourceShopId": 4880,
"status": 22,
"timestamp": 1471838139000,
"title": "安娜苏梦镜成真女士淡香水30ml",
"user": {
"email": "",
"gmtCreate": 1460444227000,
"gmtModified": 1474968962000,
"id": 714076,
"image": "//file.showjoy.com/images/7f/7f06936400c542cd9d1f7792ec486313.png",
"isEnable": true,
"isFake": 0,
"nick": "tuwei",
"password": "e10adc3949ba59abbe56e057f20f883e",
"sexType": "",
"tel": "18768197429",
"userAuth": "ROLE_ADMIN,ROLE_SHOP_USER,ROLE_USER,ROLE_FINANCE_ADMIN,ROLE_SHOP_ADMIN,ROLE_WAREHOUSE_MASTER",
"username": "tuwei"
}
},
{
"commission": "15.80",
"imgUrl": "//cdn1.showjoy.com/images/8b/8bb98feebb0141baad0e338b973d4ab1.png",
"isDirect": "true",
"isReward": 0,
"orderNumber": 1147183810028376,
"price": 158,
"quantity": 1,
"skuId": 9721,
"sourceShopId": 4880,
"status": 22,
"timestamp": 1471838139000,
"title": "安娜苏梦镜成真女士淡香水30ml",
"user": {
"email": "",
"gmtCreate": 1460444227000,
"gmtModified": 1474968962000,
"id": 714076,
"image": "//file.showjoy.com/images/7f/7f06936400c542cd9d1f7792ec486313.png",
"isEnable": true,
"isFake": 0,
"nick": "tuwei",
"password": "e10adc3949ba59abbe56e057f20f883e",
"sexType": "",
"tel": "18768197429",
"userAuth": "ROLE_ADMIN,ROLE_SHOP_USER,ROLE_USER,ROLE_FINANCE_ADMIN,ROLE_SHOP_ADMIN,ROLE_WAREHOUSE_MASTER",
"username": "tuwei"
}
},
{
"commission": "15.80",
"imgUrl": "//cdn1.showjoy.com/images/8b/8bb98feebb0141baad0e338b973d4ab1.png",
"isDirect": "true",
"isReward": 0,
"orderNumber": 1147183810028376,
"price": 158,
"quantity": 1,
"skuId": 9721,
"sourceShopId": 4880,
"status": 22,
"timestamp": 1471838139000,
"title": "安娜苏梦镜成真女士淡香水30ml",
"user": {
"email": "",
"gmtCreate": 1460444227000,
"gmtModified": 1474968962000,
"id": 714076,
"image": "//file.showjoy.com/images/7f/7f06936400c542cd9d1f7792ec486313.png",
"isEnable": true,
"isFake": 0,
"nick": "tuwei",
"password": "e10adc3949ba59abbe56e057f20f883e",
"sexType": "",
"tel": "18768197429",
"userAuth": "ROLE_ADMIN,ROLE_SHOP_USER,ROLE_USER,ROLE_FINANCE_ADMIN,ROLE_SHOP_ADMIN,ROLE_WAREHOUSE_MASTER",
"username": "tuwei"
}
},
{
"commission": "15.80",
"imgUrl": "//cdn1.showjoy.com/images/8b/8bb98feebb0141baad0e338b973d4ab1.png",
"isDirect": "true",
"isReward": 0,
"orderNumber": 1147183810028376,
"price": 158,
"quantity": 1,
"skuId": 9721,
"sourceShopId": 4880,
"status": 22,
"timestamp": 1471838139000,
"title": "安娜苏梦镜成真女士淡香水30ml",
"user": {
"email": "",
"gmtCreate": 1460444227000,
"gmtModified": 1474968962000,
"id": 714076,
"image": "//file.showjoy.com/images/7f/7f06936400c542cd9d1f7792ec486313.png",
"isEnable": true,
"isFake": 0,
"nick": "tuwei",
"password": "e10adc3949ba59abbe56e057f20f883e",
"sexType": "",
"tel": "18768197429",
"userAuth": "ROLE_ADMIN,ROLE_SHOP_USER,ROLE_USER,ROLE_FINANCE_ADMIN,ROLE_SHOP_ADMIN,ROLE_WAREHOUSE_MASTER",
"username": "tuwei"
}
},
{
"commission": "15.80",
"imgUrl": "//cdn1.showjoy.com/images/8b/8bb98feebb0141baad0e338b973d4ab1.png",
"isDirect": "true",
"isReward": 0,
"orderNumber": 1147183810028376,
"price": 158,
"quantity": 1,
"skuId": 9721,
"sourceShopId": 4880,
"status": 22,
"timestamp": 1471838139000,
"title": "安娜苏梦镜成真女士淡香水30ml",
"user": {
"email": "",
"gmtCreate": 1460444227000,
"gmtModified": 1474968962000,
"id": 714076,
"image": "//file.showjoy.com/images/7f/7f06936400c542cd9d1f7792ec486313.png",
"isEnable": true,
"isFake": 0,
"nick": "tuwei",
"password": "e10adc3949ba59abbe56e057f20f883e",
"sexType": "",
"tel": "18768197429",
"userAuth": "ROLE_ADMIN,ROLE_SHOP_USER,ROLE_USER,ROLE_FINANCE_ADMIN,ROLE_SHOP_ADMIN,ROLE_WAREHOUSE_MASTER",
"username": "tuwei"
}
},
{
"commission": "15.80",
"imgUrl": "//cdn1.showjoy.com/images/8b/8bb98feebb0141baad0e338b973d4ab1.png",
"isDirect": "true",
"isReward": 0,
"orderNumber": 1147183810028376,
"price": 158,
"quantity": 1,
"skuId": 9721,
"sourceShopId": 4880,
"status": 22,
"timestamp": 1471838139000,
"title": "安娜苏梦镜成真女士淡香水30ml",
"user": {
"email": "",
"gmtCreate": 1460444227000,
"gmtModified": 1474968962000,
"id": 714076,
"image": "//file.showjoy.com/images/7f/7f06936400c542cd9d1f7792ec486313.png",
"isEnable": true,
"isFake": 0,
"nick": "tuwei",
"password": "e10adc3949ba59abbe56e057f20f883e",
"sexType": "",
"tel": "18768197429",
"userAuth": "ROLE_ADMIN,ROLE_SHOP_USER,ROLE_USER,ROLE_FINANCE_ADMIN,ROLE_SHOP_ADMIN,ROLE_WAREHOUSE_MASTER",
"username": "tuwei"
}
},
{
"commission": "15.80",
"imgUrl": "//cdn1.showjoy.com/images/8b/8bb98feebb0141baad0e338b973d4ab1.png",
"isDirect": "true",
"isReward": 0,
"orderNumber": 1147183810028376,
"price": 158,
"quantity": 1,
"skuId": 9721,
"sourceShopId": 4880,
"status": 22,
"timestamp": 1471838139000,
"title": "安娜苏梦镜成真女士淡香水30ml",
"user": {
"email": "",
"gmtCreate": 1460444227000,
"gmtModified": 1474968962000,
"id": 714076,
"image": "//file.showjoy.com/images/7f/7f06936400c542cd9d1f7792ec486313.png",
"isEnable": true,
"isFake": 0,
"nick": "tuwei",
"password": "e10adc3949ba59abbe56e057f20f883e",
"sexType": "",
"tel": "18768197429",
"userAuth": "ROLE_ADMIN,ROLE_SHOP_USER,ROLE_USER,ROLE_FINANCE_ADMIN,ROLE_SHOP_ADMIN,ROLE_WAREHOUSE_MASTER",
"username": "tuwei"
}
},
{
"commission": "15.80",
"imgUrl": "//cdn1.showjoy.com/images/8b/8bb98feebb0141baad0e338b973d4ab1.png",
"isDirect": "true",
"isReward": 0,
"orderNumber": 1147183810028376,
"price": 158,
"quantity": 1,
"skuId": 9721,
"sourceShopId": 4880,
"status": 22,
"timestamp": 1471838139000,
"title": "安娜苏梦镜成真女士淡香水30ml",
"user": {
"email": "",
"gmtCreate": 1460444227000,
"gmtModified": 1474968962000,
"id": 714076,
"image": "//file.showjoy.com/images/7f/7f06936400c542cd9d1f7792ec486313.png",
"isEnable": true,
"isFake": 0,
"nick": "tuwei",
"password": "e10adc3949ba59abbe56e057f20f883e",
"sexType": "",
"tel": "18768197429",
"userAuth": "ROLE_ADMIN,ROLE_SHOP_USER,ROLE_USER,ROLE_FINANCE_ADMIN,ROLE_SHOP_ADMIN,ROLE_WAREHOUSE_MASTER",
"username": "tuwei"
}
},
{
"commission": "15.80",
"imgUrl": "//cdn1.showjoy.com/images/8b/8bb98feebb0141baad0e338b973d4ab1.png",
"isDirect": "true",
"isReward": 0,
"orderNumber": 1147183810028376,
"price": 158,
"quantity": 1,
"skuId": 9721,
"sourceShopId": 4880,
"status": 22,
"timestamp": 1471838139000,
"title": "安娜苏梦镜成真女士淡香水30ml",
"user": {
"email": "",
"gmtCreate": 1460444227000,
"gmtModified": 1474968962000,
"id": 714076,
"image": "//file.showjoy.com/images/7f/7f06936400c542cd9d1f7792ec486313.png",
"isEnable": true,
"isFake": 0,
"nick": "tuwei",
"password": "e10adc3949ba59abbe56e057f20f883e",
"sexType": "",
"tel": "18768197429",
"userAuth": "ROLE_ADMIN,ROLE_SHOP_USER,ROLE_USER,ROLE_FINANCE_ADMIN,ROLE_SHOP_ADMIN,ROLE_WAREHOUSE_MASTER",
"username": "tuwei"
}
},
{
"commission": "15.80",
"imgUrl": "//cdn1.showjoy.com/images/8b/8bb98feebb0141baad0e338b973d4ab1.png",
"isDirect": "true",
"isReward": 0,
"orderNumber": 1147183810028376,
"price": 158,
"quantity": 1,
"skuId": 9721,
"sourceShopId": 4880,
"status": 22,
"timestamp": 1471838139000,
"title": "安娜苏梦镜成真女士淡香水30ml",
"user": {
"email": "",
"gmtCreate": 1460444227000,
"gmtModified": 1474968962000,
"id": 714076,
"image": "//file.showjoy.com/images/7f/7f06936400c542cd9d1f7792ec486313.png",
"isEnable": true,
"isFake": 0,
"nick": "tuwei",
"password": "e10adc3949ba59abbe56e057f20f883e",
"sexType": "",
"tel": "18768197429",
"userAuth": "ROLE_ADMIN,ROLE_SHOP_USER,ROLE_USER,ROLE_FINANCE_ADMIN,ROLE_SHOP_ADMIN,ROLE_WAREHOUSE_MASTER",
"username": "tuwei"
}
},
{
"commission": "15.80",
"imgUrl": "//cdn1.showjoy.com/images/8b/8bb98feebb0141baad0e338b973d4ab1.png",
"isDirect": "true",
"isReward": 0,
"orderNumber": 1147183810028376,
"price": 158,
"quantity": 1,
"skuId": 9721,
"sourceShopId": 4880,
"status": 22,
"timestamp": 1471838139000,
"title": "安娜苏梦镜成真女士淡香水30ml",
"user": {
"email": "",
"gmtCreate": 1460444227000,
"gmtModified": 1474968962000,
"id": 714076,
"image": "//file.showjoy.com/images/7f/7f06936400c542cd9d1f7792ec486313.png",
"isEnable": true,
"isFake": 0,
"nick": "tuwei",
"password": "e10adc3949ba59abbe56e057f20f883e",
"sexType": "",
"tel": "18768197429",
"userAuth": "ROLE_ADMIN,ROLE_SHOP_USER,ROLE_USER,ROLE_FINANCE_ADMIN,ROLE_SHOP_ADMIN,ROLE_WAREHOUSE_MASTER",
"username": "tuwei"
}
},
{
"commission": "15.80",
"imgUrl": "//cdn1.showjoy.com/images/8b/8bb98feebb0141baad0e338b973d4ab1.png",
"isDirect": "true",
"isReward": 0,
"orderNumber": 1147183810028376,
"price": 158,
"quantity": 1,
"skuId": 9721,
"sourceShopId": 4880,
"status": 22,
"timestamp": 1471838139000,
"title": "安娜苏梦镜成真女士淡香水30ml",
"user": {
"email": "",
"gmtCreate": 1460444227000,
"gmtModified": 1474968962000,
"id": 714076,
"image": "//file.showjoy.com/images/7f/7f06936400c542cd9d1f7792ec486313.png",
"isEnable": true,
"isFake": 0,
"nick": "tuwei",
"password": "e10adc3949ba59abbe56e057f20f883e",
"sexType": "",
"tel": "18768197429",
"userAuth": "ROLE_ADMIN,ROLE_SHOP_USER,ROLE_USER,ROLE_FINANCE_ADMIN,ROLE_SHOP_ADMIN,ROLE_WAREHOUSE_MASTER",
"username": "tuwei"
}
},
{
"commission": "15.80",
"imgUrl": "//cdn1.showjoy.com/images/8b/8bb98feebb0141baad0e338b973d4ab1.png",
"isDirect": "true",
"isReward": 0,
"orderNumber": 1147183810028376,
"price": 158,
"quantity": 1,
"skuId": 9721,
"sourceShopId": 4880,
"status": 22,
"timestamp": 1471838139000,
"title": "安娜苏梦镜成真女士淡香水30ml",
"user": {
"email": "",
"gmtCreate": 1460444227000,
"gmtModified": 1474968962000,
"id": 714076,
"image": "//file.showjoy.com/images/7f/7f06936400c542cd9d1f7792ec486313.png",
"isEnable": true,
"isFake": 0,
"nick": "tuwei",
"password": "e10adc3949ba59abbe56e057f20f883e",
"sexType": "",
"tel": "18768197429",
"userAuth": "ROLE_ADMIN,ROLE_SHOP_USER,ROLE_USER,ROLE_FINANCE_ADMIN,ROLE_SHOP_ADMIN,ROLE_WAREHOUSE_MASTER",
"username": "tuwei"
}
},
{
"commission": "15.80",
"imgUrl": "//cdn1.showjoy.com/images/8b/8bb98feebb0141baad0e338b973d4ab1.png",
"isDirect": "true",
"isReward": 0,
"orderNumber": 1147183810028376,
"price": 158,
"quantity": 1,
"skuId": 9721,
"sourceShopId": 4880,
"status": 22,
"timestamp": 1471838139000,
"title": "安娜苏梦镜成真女士淡香水30ml",
"user": {
"email": "",
"gmtCreate": 1460444227000,
"gmtModified": 1474968962000,
"id": 714076,
"image": "//file.showjoy.com/images/7f/7f06936400c542cd9d1f7792ec486313.png",
"isEnable": true,
"isFake": 0,
"nick": "tuwei",
"password": "e10adc3949ba59abbe56e057f20f883e",
"sexType": "",
"tel": "18768197429",
"userAuth": "ROLE_ADMIN,ROLE_SHOP_USER,ROLE_USER,ROLE_FINANCE_ADMIN,ROLE_SHOP_ADMIN,ROLE_WAREHOUSE_MASTER",
"username": "tuwei"
}
}
],
"isRedirect": 0,
"isSuccess": 1,
"login": 0
}