{
  "count": 0,
  "data": {
    "skus": [{
      "actPrice": 30,
      "brandName": "aaasdas",
      "commission": "27.5",
      "commissionRate": 0.1,
      "endTime": 1474729200000,
      "imgUrl": "//cdn1.showjoy.com/images/bb/bb1c8b0d275e4ba2903dc822a03add50.png",
      "inventory": 9,
      "isDelete": 0,
      "limitCommissionRate": 0.5,
      "limitInventory": 1000,
      "originalPrice": 98,
      "price": 55,
      "select": false,
      "shelvesCount": 364,
      "shopPrice": 55,
      "skuId": 118225,
      "skuName": "sadsa必备迅速止痒 0.0ml",
      "startTime": 1474650000000,
      "tag": "抢购中",
      "time": "01:09",
      "type": 1,
      "tagType": -1
    }, {
      "actPrice": 0,
      "brandName": "浪凡",
      "commission": "1.0",
      "commissionRate": 0.1,
      "endTime": 1474729200000,
      "imgUrl": "//cdn1.showjoy.com/images/a5/a5f1c1653f98427783fb145f11d228d7.png",
      "inventory": 187,
      "isDelete": 0,
      "limitCommissionRate": 0.1,
      "limitInventory": 0,
      "originalPrice": 458,
      "price": 10,
      "select": true,
      "shelvesCount": 728,
      "shopPrice": 10,
      "skuId": 8222,
      "skuName": "我愿意女士香水 30.0ml",
      "startTime": 1474646400000,
      "tag": "抢购中",
      "time": "12:09",
      "type": 1
    }, {
      "actPrice": 0,
      "brandName": "浪凡",
      "commission": "1.0",
      "commissionRate": 0.1,
      "endTime": 1474729200000,
      "imgUrl": "//cdn1.showjoy.com/images/a5/a5f1c1653f98427783fb145f11d228d7.png",
      "inventory": 187,
      "isDelete": 0,
      "limitCommissionRate": 0.1,
      "limitInventory": 0,
      "originalPrice": 458,
      "price": 10,
      "select": true,
      "shelvesCount": 728,
      "shopPrice": 10,
      "skuId": 8222,
      "skuName": "我愿意女士香水 30.0ml",
      "startTime": 1474646400000,
      "tag": "抢购中",
      "time": "12:09",
      "type": 1
    }],
    "day": 24,
    "week": "星期六",
    "times": {
      "00:00": 0,
      "10:00": 0,
      "13:00": 1,
      "14:00": 0,
      "15:00": 0,
      "16:00": 0,
      "17:00": 0,
      "18:00": 0
    }
  },
  "isRedirect": 0,
  "isSuccess": 1,
  "login": 0
}